{
  "status": true,
  "msg": "done",
  "movie": {
    "tmdb": {
      "type": "tv",
      "id": "262254",
      "season": 1,
      "vote_average": 0,
      "vote_count": 0
    },
    "imdb": {
      "id": null
    },
    "created": {
      "time": "2025-07-14T16:41:26.000Z"
    },
    "modified": {
      "time": "2025-09-22T08:44:17.000Z"
    },
    "_id": "bafe5a19bbef4152f217efc037c1be59",
    "name": "Em Đến Cùng Mưa (Ame to Kimi to)",
    "slug": "em-den-cung-mua-ame-to-kimi-to",
    "origin_name": "With You And The Rain",
    "content": "Vào một ngày mưa, một người phụ nữ tình cờ gặp một con vật lạ đang chờ bên vệ đường. Con vật nài nỉ được nhận nuôi, đưa cho người phụ nữ một chiếc ô để cố gắng thể hiện sự hấp dẫn của nó. Bị hấp dẫn bởi bản tính thông minh của nó, cô mang sinh vật giống chó này về nhà và từ đó bắt đầu cuộc sống chung của họ.",
    "type": "hoathinh",
    "status": "completed",
    "poster_url": "https://phimimg.com/upload/vod/20250714-1/82a6ca63a42fdda490292f1284b5af12.jpg",
    "thumb_url": "https://phimimg.com/upload/vod/20250714-1/391f4c3213686e2afa70b21beba19bfe.jpg",
    "is_copyright": false,
    "sub_docquyen": false,
    "chieurap": false,
    "trailer_url": "https://www.youtube.com/watch?v=TUd3sDJOipY",
    "time": "22 phút/tập",
    "episode_current": "Hoàn Tất (12/12)",
    "episode_total": "12",
    "quality": "FHD",
    "lang": "Vietsub",
    "notify": "",
    "showtimes": "",
    "year": 2025,
    "view": 0,
    "actor": [
      "Saori Hayami",
      "Anna Mugiho"
    ],
    "director": [
      "Đang cập nhật"
    ],
    "category": [
      {
        "id": "ba6fd52e5a3aca80eaaf1a3b50a182db",
        "name": "Hài Hước",
        "slug": "hai-huoc"
      },
      {
        "id": "0bcf4077916678de9b48c89221fcf8ae",
        "name": "Khoa Học",
        "slug": "khoa-hoc"
      },
      {
        "id": "68564911f00849030f9c9c144ea1b931",
        "name": "Viễn Tưởng",
        "slug": "vien-tuong"
      },
      {
        "id": "a7b065b92ad356387ef2e075dee66529",
        "name": "Tâm Lý",
        "slug": "tam-ly"
      }
    ],
    "country": [
      {
        "id": "d4097fbffa8f7149a61281437171eb83",
        "name": "Nhật Bản",
        "slug": "nhat-ban"
      }
    ]
  },
  "episodes": [
    {
      "server_name": "#Hà Nội (Vietsub)",
      "server_data": [
        {
          "name": "Tập 01",
          "slug": "tap-01",
          "filename": "Em Đến Cùng Mưa (Ame to Kimi to) - With You And The Rain - 2025 - 1080p - Vietsub - Tập 01",
          "link_embed": "https://player.phimapi.com/player/?url=https://s6.kkphimplayer6.com/20250809/KIrWfh7C/index.m3u8",
          "link_m3u8": "https://s6.kkphimplayer6.com/20250809/KIrWfh7C/index.m3u8"
        },
        {
          "name": "Tập 02",
          "slug": "tap-02",
          "filename": "Em Đến Cùng Mưa (Ame to Kimi to) - With You And The Rain - 2025 - 1080p - Vietsub - Tập 02",
          "link_embed": "https://player.phimapi.com/player/?url=https://s6.kkphimplayer6.com/20250809/kXEqPXbM/index.m3u8",
          "link_m3u8": "https://s6.kkphimplayer6.com/20250809/kXEqPXbM/index.m3u8"
        },
        {
          "name": "Tập 03",
          "slug": "tap-03",
          "filename": "Em Đến Cùng Mưa (Ame to Kimi to) - With You And The Rain - 2025 - 1080p - Vietsub - Tập 03",
          "link_embed": "https://player.phimapi.com/player/?url=https://s6.kkphimplayer6.com/20250809/WzesiLM6/index.m3u8",
          "link_m3u8": "https://s6.kkphimplayer6.com/20250809/WzesiLM6/index.m3u8"
        },
        {
          "name": "Tập 04",
          "slug": "tap-04",
          "filename": "Em Đến Cùng Mưa (Ame to Kimi to) - With You And The Rain - 2025 - 1080p - Vietsub - Tập 04",
          "link_embed": "https://player.phimapi.com/player/?url=https://s6.kkphimplayer6.com/20250809/d3h0wTFe/index.m3u8",
          "link_m3u8": "https://s6.kkphimplayer6.com/20250809/d3h0wTFe/index.m3u8"
        },
        {
          "name": "Tập 05",
          "slug": "tap-05",
          "filename": "Em Đến Cùng Mưa (Ame to Kimi to) - With You And The Rain - 2025 - 1080p - Vietsub - Tập 05",
          "link_embed": "https://player.phimapi.com/player/?url=https://s6.kkphimplayer6.com/20250809/JlRnZf9n/index.m3u8",
          "link_m3u8": "https://s6.kkphimplayer6.com/20250809/JlRnZf9n/index.m3u8"
        },
        {
          "name": "Tập 06",
          "slug": "tap-06",
          "filename": "Em Đến Cùng Mưa (Ame to Kimi to) - With You And The Rain - 2025 - 1080p - Vietsub - Tập 06",
          "link_embed": "https://player.phimapi.com/player/?url=https://s6.kkphimplayer6.com/20250813/mM3GeH4r/index.m3u8",
          "link_m3u8": "https://s6.kkphimplayer6.com/20250813/mM3GeH4r/index.m3u8"
        },
        {
          "name": "Tập 07",
          "slug": "tap-07",
          "filename": "Em Đến Cùng Mưa (Ame to Kimi to) - With You And The Rain - 2025 - 1080p - Vietsub - Tập 07",
          "link_embed": "https://player.phimapi.com/player/?url=https://s6.kkphimplayer6.com/20250817/qZ42CpcL/index.m3u8",
          "link_m3u8": "https://s6.kkphimplayer6.com/20250817/qZ42CpcL/index.m3u8"
        },
        {
          "name": "Tập 08",
          "slug": "tap-08",
          "filename": "Em Đến Cùng Mưa (Ame to Kimi to) - With You And The Rain - 2025 - 1080p - Vietsub - Tập 08",
          "link_embed": "https://player.phimapi.com/player/?url=https://s6.kkphimplayer6.com/20250825/dHkcGwUF/index.m3u8",
          "link_m3u8": "https://s6.kkphimplayer6.com/20250825/dHkcGwUF/index.m3u8"
        },
        {
          "name": "Tập 09",
          "slug": "tap-09",
          "filename": "Em Đến Cùng Mưa (Ame to Kimi to) - With You And The Rain - 2025 - 1080p - Vietsub - Tập 09",
          "link_embed": "https://player.phimapi.com/player/?url=https://s6.kkphimplayer6.com/20250831/U84vaRUY/index.m3u8",
          "link_m3u8": "https://s6.kkphimplayer6.com/20250831/U84vaRUY/index.m3u8"
        },
        {
          "name": "Tập 10",
          "slug": "tap-10",
          "filename": "Em Đến Cùng Mưa (Ame to Kimi to) - With You And The Rain - 2025 - 1080p - Vietsub - Tập 10",
          "link_embed": "https://player.phimapi.com/player/?url=https://s6.kkphimplayer6.com/20250907/tfel5Unc/index.m3u8",
          "link_m3u8": "https://s6.kkphimplayer6.com/20250907/tfel5Unc/index.m3u8"
        },
        {
          "name": "Tập 11",
          "slug": "tap-11",
          "filename": "Em Đến Cùng Mưa (Ame to Kimi to) - With You And The Rain - 2025 - 1080p - Vietsub - Tập 11",
          "link_embed": "https://player.phimapi.com/player/?url=https://s6.kkphimplayer6.com/20250914/NYtIdOWA/index.m3u8",
          "link_m3u8": "https://s6.kkphimplayer6.com/20250914/NYtIdOWA/index.m3u8"
        },
        {
          "name": "Tập 12",
          "slug": "tap-12",
          "filename": "Em Đến Cùng Mưa (Ame to Kimi to) - With You And The Rain - 2025 - 1080p - Vietsub - Tập 12",
          "link_embed": "https://player.phimapi.com/player/?url=https://s6.kkphimplayer6.com/20250922/eXqlp5Gu/index.m3u8",
          "link_m3u8": "https://s6.kkphimplayer6.com/20250922/eXqlp5Gu/index.m3u8"
        }
      ]
    }
  ]
}