{
    "status": true,
    "msg": "done",
    "data": {
        "seoOnPage": {
            "og_type": "website",
            "titleHead": "Phim hoạt hình | Phim hoạt hình hay tuyển chọn | Phim hoạt hình mới nhất 2025",
            "descriptionHead": "Phim hoạt hình mới nhất tuyển chọn chất lượng cao, phim hoạt hình trọn bộ vietsub cập nhật nhanh nhất. Phim hoạt hình vietsub nhanh nhất",
            "og_image": [
                "/upload/vod/20250112-1/19e480c57fc804cdcebfb39f409ffa31.jpg",
                "/upload/vod/20250401-1/8970956374a769e0892875c61b29ff3a.jpg",
                "/upload/vod/20250922-1/05360851edbc9ab0e777f8b83035372d.jpg",
                "/upload/vod/20240310-1/025424cf62248b9a7b54279ef5416e26.jpg",
                "/upload/vod/20240310-1/31e6c244a0673838a46732d3b4f0b190.jpg",
                "/upload/vod/20250922-1/89b5bee8b62a748c5d0e6982b809f24b.jpg",
                "/upload/vod/20240118-1/9295479ab21037d136d970e219e5f07d.jpg",
                "/upload/vod/20250407-1/0396c7e07437b131647d838d77948e61.jpg",
                "/upload/vod/20250707-1/613f068f42683df122a57af28718cf7a.jpg",
                "/upload/vod/20250227-1/394aaa26a720b8c275bc58149e7ad450.jpg",
                "/upload/vod/20250711-1/6e2b103940b09203fab8a79e53565d33.jpg",
                "/upload/vod/20250715-1/0c646a8e697502885296168b1ef95a6a.jpg",
                "/upload/vod/20250810-1/3a8aadac5baf9f230cdd992d9add3739.jpg",
                "/upload/vod/20250707-1/0bd08744cae0baf83bb99ba9eb07decc.jpg",
                "/upload/vod/20250714-1/82a6ca63a42fdda490292f1284b5af12.jpg",
                "/upload/vod/20250708-1/b9a350aaaa58b10dcf164c57d66660ad.jpg",
                "/upload/vod/20250711-1/2983de8cafb87d02ea4ce760301dc176.jpg",
                "/upload/vod/20250714-1/6cf3d03b7c9db021ff2d5f9d238bdff5.jpg",
                "/upload/vod/20250909-1/2d6e985a75e99173ec9c6643fedfd3e2.jpg",
                "/upload/vod/20250421-1/3d1b5e01610fae34b996e94303a639ef.jpg"
            ],
            "og_url": "danh-sach/hoat-hinh"
        },
        "breadCrumb": [
            {
                "name": "Phim Hoạt Hình",
                "slug": "/danh-sach/hoat-hinh",
                "isCurrent": false,
                "position": 2
            },
            {
                "name": "Trang 1",
                "isCurrent": true,
                "position": 3
            }
        ],
        "titlePage": "Phim Hoạt Hình",
        "items": [
            {
                "tmdb": {
                    "type": "tv",
                    "id": "207332",
                    "season": 1,
                    "vote_average": 9.7,
                    "vote_count": 3
                },
                "imdb": {
                    "id": null
                },
                "created": {
                    "time": "2025-01-12T15:46:45.000Z"
                },
                "modified": {
                    "time": "2025-09-23T01:21:45.000Z"
                },
                "_id": "a40a65c95e95cccbda3367d81bd382de",
                "name": "Sát Thủ Về Vườn",
                "slug": "sat-thu-ve-vuon",
                "origin_name": "Sakamoto Days",
                "type": "hoathinh",
                "poster_url": "upload/vod/20250112-1/19e480c57fc804cdcebfb39f409ffa31.jpg",
                "thumb_url": "upload/vod/20250112-1/fbf0edd755fb8be213f1d59ab1497202.jpg",
                "sub_docquyen": false,
                "chieurap": false,
                "time": "25 phút/tập",
                "episode_current": "Tập 22",
                "quality": "FHD",
                "lang": "Vietsub",
                "year": 2025,
                "category": [
                    {
                        "id": "ba6fd52e5a3aca80eaaf1a3b50a182db",
                        "name": "Hài Hước",
                        "slug": "hai-huoc"
                    },
                    {
                        "id": "9822be111d2ccc29c7172c78b8af8ff5",
                        "name": "Hành Động",
                        "slug": "hanh-dong"
                    },
                    {
                        "id": "66c78b23908113d478d8d85390a244b4",
                        "name": "Phiêu Lưu",
                        "slug": "phieu-luu"
                    }
                ],
                "country": [
                    {
                        "id": "d4097fbffa8f7149a61281437171eb83",
                        "name": "Nhật Bản",
                        "slug": "nhat-ban"
                    }
                ]
            },
            {
                "tmdb": {
                    "type": "tv",
                    "id": "133154",
                    "season": 1,
                    "vote_average": 0,
                    "vote_count": 0
                },
                "imdb": {
                    "id": null
                },
                "created": {
                    "time": "2025-04-01T19:09:15.000Z"
                },
                "modified": {
                    "time": "2025-09-23T00:48:36.000Z"
                },
                "_id": "022823b8aa03cffdb1189da300c18b25",
                "name": "Thanh Kiếm Của Thợ Săn Quỷ",
                "slug": "thanh-kiem-cua-tho-san-quy",
                "origin_name": "Sword Of The Demon Hunter: Kijin Gentosho",
                "type": "hoathinh",
                "poster_url": "upload/vod/20250401-1/8970956374a769e0892875c61b29ff3a.jpg",
                "thumb_url": "upload/vod/20250401-1/15ab468833d55309ed5399a96fdd5ca2.jpg",
                "sub_docquyen": false,
                "chieurap": false,
                "time": "53 phút/tập",
                "episode_current": "Tập 23",
                "quality": "FHD",
                "lang": "Vietsub",
                "year": 2025,
                "category": [
                    {
                        "id": "0bcf4077916678de9b48c89221fcf8ae",
                        "name": "Khoa Học",
                        "slug": "khoa-hoc"
                    },
                    {
                        "id": "68564911f00849030f9c9c144ea1b931",
                        "name": "Viễn Tưởng",
                        "slug": "vien-tuong"
                    },
                    {
                        "id": "37a7b38b6184a5ebd3c43015aa20709d",
                        "name": "Chính Kịch",
                        "slug": "chinh-kich"
                    }
                ],
                "country": [
                    {
                        "id": "d4097fbffa8f7149a61281437171eb83",
                        "name": "Nhật Bản",
                        "slug": "nhat-ban"
                    }
                ]
            },
            {
                "tmdb": {
                    "type": "tv",
                    "id": "77240",
                    "season": 2,
                    "vote_average": 8.2,
                    "vote_count": 703
                },
                "imdb": {
                    "id": null
                },
                "created": {
                    "time": "2025-09-22T17:49:20.000Z"
                },
                "modified": {
                    "time": "2025-09-22T17:49:20.000Z"
                },
                "_id": "b9dfbed6c12d438d6c550fa1a2032135",
                "name": "Đội Trưởng Tsubasa (Phần 2)",
                "slug": "doi-truong-tsubasa-phan-2",
                "origin_name": "Captain Tsubasa (Season 2)",
                "type": "hoathinh",
                "poster_url": "upload/vod/20250922-1/05360851edbc9ab0e777f8b83035372d.jpg",
                "thumb_url": "upload/vod/20250922-1/c03aab5c300ba43729039bc2be387557.jpg",
                "sub_docquyen": false,
                "chieurap": false,
                "time": "24 phút/tập",
                "episode_current": "Hoàn Tất (39/39)",
                "quality": "FHD",
                "lang": "Vietsub",
                "year": 2023,
                "category": [
                    {
                        "id": "ba6fd52e5a3aca80eaaf1a3b50a182db",
                        "name": "Hài Hước",
                        "slug": "hai-huoc"
                    },
                    {
                        "id": "37a7b38b6184a5ebd3c43015aa20709d",
                        "name": "Chính Kịch",
                        "slug": "chinh-kich"
                    },
                    {
                        "id": "a7b065b92ad356387ef2e075dee66529",
                        "name": "Tâm Lý",
                        "slug": "tam-ly"
                    },
                    {
                        "id": "591bbb2abfe03f5aa13c08f16dfb69a2",
                        "name": "Thể Thao",
                        "slug": "the-thao"
                    }
                ],
                "country": [
                    {
                        "id": "d4097fbffa8f7149a61281437171eb83",
                        "name": "Nhật Bản",
                        "slug": "nhat-ban"
                    }
                ]
            },
            {
                "tmdb": {
                    "type": "tv",
                    "id": "30983",
                    "season": 1,
                    "vote_average": 7.997,
                    "vote_count": 693
                },
                "imdb": {
                    "id": null
                },
                "created": {
                    "time": "2024-03-10T22:02:23.000Z"
                },
                "modified": {
                    "time": "2025-09-22T17:18:16.000Z"
                },
                "_id": "68ff9c82826dcda9030b6b0990efc033",
                "name": "Thám Tử Lừng Danh Conan",
                "slug": "tham-tu-lung-danh-conan",
                "origin_name": "Detective Conan",
                "type": "hoathinh",
                "poster_url": "upload/vod/20240310-1/025424cf62248b9a7b54279ef5416e26.jpg",
                "thumb_url": "upload/vod/20240310-1/2a39971cc29c2802259b918eb437a45b.jpg",
                "sub_docquyen": false,
                "chieurap": false,
                "time": "25 phút/tập",
                "episode_current": "Tập 1176",
                "quality": "FHD",
                "lang": "Vietsub + Lồng Tiếng",
                "year": 1996,
                "category": [
                    {
                        "id": "2fb53017b3be83cd754a08adab3e916c",
                        "name": "Bí Ẩn",
                        "slug": "bi-an"
                    },
                    {
                        "id": "ba6fd52e5a3aca80eaaf1a3b50a182db",
                        "name": "Hài Hước",
                        "slug": "hai-huoc"
                    }
                ],
                "country": [
                    {
                        "id": "d4097fbffa8f7149a61281437171eb83",
                        "name": "Nhật Bản",
                        "slug": "nhat-ban"
                    }
                ]
            },
            {
                "tmdb": {
                    "type": null,
                    "id": null,
                    "season": null,
                    "vote_average": 0,
                    "vote_count": 0
                },
                "imdb": {
                    "id": null
                },
                "created": {
                    "time": "2024-03-10T22:01:39.000Z"
                },
                "modified": {
                    "time": "2025-09-22T17:06:50.000Z"
                },
                "_id": "0d730fb2cb696e47fbbe4b2054b10de7",
                "name": "Đảo Hải Tặc",
                "slug": "dao-hai-tac",
                "origin_name": "One Piece",
                "type": "hoathinh",
                "poster_url": "upload/vod/20240310-1/31e6c244a0673838a46732d3b4f0b190.jpg",
                "thumb_url": "upload/vod/20240310-1/d61250d0c1670917fd783a1b48cbb29c.jpg",
                "sub_docquyen": false,
                "chieurap": false,
                "time": "24 phút/tập",
                "episode_current": "Tập 1144",
                "quality": "FHD",
                "lang": "Vietsub",
                "year": 1999,
                "category": [
                    {
                        "id": "9822be111d2ccc29c7172c78b8af8ff5",
                        "name": "Hành Động",
                        "slug": "hanh-dong"
                    },
                    {
                        "id": "66c78b23908113d478d8d85390a244b4",
                        "name": "Phiêu Lưu",
                        "slug": "phieu-luu"
                    },
                    {
                        "id": "ba6fd52e5a3aca80eaaf1a3b50a182db",
                        "name": "Hài Hước",
                        "slug": "hai-huoc"
                    }
                ],
                "country": [
                    {
                        "id": "d4097fbffa8f7149a61281437171eb83",
                        "name": "Nhật Bản",
                        "slug": "nhat-ban"
                    }
                ]
            },
            {
                "tmdb": {
                    "type": "tv",
                    "id": "211057",
                    "season": 1,
                    "vote_average": 8.8,
                    "vote_count": 104
                },
                "imdb": {
                    "id": null
                },
                "created": {
                    "time": "2025-09-22T16:11:38.000Z"
                },
                "modified": {
                    "time": "2025-09-22T16:11:38.000Z"
                },
                "_id": "ed9eb0e17f50c86a478c357e7243dac7",
                "name": "Berserk: Arc Thời Đại Hoàng Kim",
                "slug": "berserk-arc-thoi-dai-hoang-kim",
                "origin_name": "Berserk: The Golden Age Arc – Memorial Edition",
                "type": "hoathinh",
                "poster_url": "upload/vod/20250922-1/89b5bee8b62a748c5d0e6982b809f24b.jpg",
                "thumb_url": "upload/vod/20250922-1/b7fe09c547cf3388002cd1d0cd904c2a.jpg",
                "sub_docquyen": false,
                "chieurap": false,
                "time": "25 phút/tập",
                "episode_current": "Hoàn Tất (13/13)",
                "quality": "FHD",
                "lang": "Vietsub",
                "year": 2022,
                "category": [
                    {
                        "id": "9822be111d2ccc29c7172c78b8af8ff5",
                        "name": "Hành Động",
                        "slug": "hanh-dong"
                    },
                    {
                        "id": "66c78b23908113d478d8d85390a244b4",
                        "name": "Phiêu Lưu",
                        "slug": "phieu-luu"
                    },
                    {
                        "id": "37a7b38b6184a5ebd3c43015aa20709d",
                        "name": "Chính Kịch",
                        "slug": "chinh-kich"
                    },
                    {
                        "id": "0bcf4077916678de9b48c89221fcf8ae",
                        "name": "Khoa Học",
                        "slug": "khoa-hoc"
                    },
                    {
                        "id": "68564911f00849030f9c9c144ea1b931",
                        "name": "Viễn Tưởng",
                        "slug": "vien-tuong"
                    }
                ],
                "country": [
                    {
                        "id": "d4097fbffa8f7149a61281437171eb83",
                        "name": "Nhật Bản",
                        "slug": "nhat-ban"
                    }
                ]
            },
            {
                "tmdb": {
                    "type": null,
                    "id": null,
                    "season": null,
                    "vote_average": 0,
                    "vote_count": 0
                },
                "imdb": {
                    "id": null
                },
                "created": {
                    "time": "2024-01-18T18:41:50.000Z"
                },
                "modified": {
                    "time": "2025-09-22T15:20:03.000Z"
                },
                "_id": "799974951f19a0c730acda2389cc852b",
                "name": "Tiên Nghịch",
                "slug": "tien-nghich",
                "origin_name": "Renegade Immortal",
                "type": "hoathinh",
                "poster_url": "upload/vod/20240118-1/9295479ab21037d136d970e219e5f07d.jpg",
                "thumb_url": "upload/vod/20240118-1/290650828b2ef3b9e4a63ce422a5919a.jpg",
                "sub_docquyen": false,
                "chieurap": false,
                "time": "23 phút/tập",
                "episode_current": "Tập 107",
                "quality": "FHD",
                "lang": "Vietsub + Thuyết Minh",
                "year": 2023,
                "category": [
                    {
                        "id": "66c78b23908113d478d8d85390a244b4",
                        "name": "Phiêu Lưu",
                        "slug": "phieu-luu"
                    },
                    {
                        "id": "68564911f00849030f9c9c144ea1b931",
                        "name": "Viễn Tưởng",
                        "slug": "vien-tuong"
                    }
                ],
                "country": [
                    {
                        "id": "3e075636c731fe0f889c69e0bf82c083",
                        "name": "Trung Quốc",
                        "slug": "trung-quoc"
                    }
                ]
            },
            {
                "tmdb": {
                    "type": "tv",
                    "id": "261868",
                    "season": 1,
                    "vote_average": 0,
                    "vote_count": 0
                },
                "imdb": {
                    "id": null
                },
                "created": {
                    "time": "2025-04-07T00:01:33.000Z"
                },
                "modified": {
                    "time": "2025-09-22T08:50:08.000Z"
                },
                "_id": "0f49d14c2bfc523456225589dc27b6db",
                "name": "Phù Thủy Quan Sát",
                "slug": "phu-thuy-quan-sat",
                "origin_name": "Witch Watch",
                "type": "hoathinh",
                "poster_url": "upload/vod/20250407-1/0396c7e07437b131647d838d77948e61.jpg",
                "thumb_url": "upload/vod/20250407-1/7aaf7edab555dd8a60ec031d4cadc10a.jpg",
                "sub_docquyen": false,
                "chieurap": false,
                "time": "24 phút/tập",
                "episode_current": "Tập 24",
                "quality": "FHD",
                "lang": "Vietsub",
                "year": 2025,
                "category": [
                    {
                        "id": "ba6fd52e5a3aca80eaaf1a3b50a182db",
                        "name": "Hài Hước",
                        "slug": "hai-huoc"
                    },
                    {
                        "id": "0bcf4077916678de9b48c89221fcf8ae",
                        "name": "Khoa Học",
                        "slug": "khoa-hoc"
                    },
                    {
                        "id": "68564911f00849030f9c9c144ea1b931",
                        "name": "Viễn Tưởng",
                        "slug": "vien-tuong"
                    }
                ],
                "country": [
                    {
                        "id": "d4097fbffa8f7149a61281437171eb83",
                        "name": "Nhật Bản",
                        "slug": "nhat-ban"
                    }
                ]
            },
            {
                "tmdb": {
                    "type": "tv",
                    "id": "241811",
                    "season": 2,
                    "vote_average": 8.75,
                    "vote_count": 12
                },
                "imdb": {
                    "id": null
                },
                "created": {
                    "time": "2025-07-07T17:01:28.000Z"
                },
                "modified": {
                    "time": "2025-09-22T08:49:38.000Z"
                },
                "_id": "11abde837991309607201a19a9aa17db",
                "name": "Puniru Là Một Bé Slime Dễ Thương (Phần 2)",
                "slug": "puniru-la-mot-be-slime-de-thuong-phan-2",
                "origin_name": "Puniru Is A Cute Slime (Season 2)",
                "type": "hoathinh",
                "poster_url": "upload/vod/20250707-1/613f068f42683df122a57af28718cf7a.jpg",
                "thumb_url": "upload/vod/20250707-1/2d2c15791dc7d2b60858788af0bd7f38.jpg",
                "sub_docquyen": false,
                "chieurap": false,
                "time": "24 phút/tập",
                "episode_current": "Hoàn Tất (12/12)",
                "quality": "FHD",
                "lang": "Vietsub",
                "year": 2025,
                "category": [
                    {
                        "id": "ba6fd52e5a3aca80eaaf1a3b50a182db",
                        "name": "Hài Hước",
                        "slug": "hai-huoc"
                    },
                    {
                        "id": "0bcf4077916678de9b48c89221fcf8ae",
                        "name": "Khoa Học",
                        "slug": "khoa-hoc"
                    },
                    {
                        "id": "68564911f00849030f9c9c144ea1b931",
                        "name": "Viễn Tưởng",
                        "slug": "vien-tuong"
                    },
                    {
                        "id": "a7b065b92ad356387ef2e075dee66529",
                        "name": "Tâm Lý",
                        "slug": "tam-ly"
                    }
                ],
                "country": [
                    {
                        "id": "d4097fbffa8f7149a61281437171eb83",
                        "name": "Nhật Bản",
                        "slug": "nhat-ban"
                    }
                ]
            },
            {
                "tmdb": {
                    "type": "tv",
                    "id": "241811",
                    "season": 2,
                    "vote_average": 8.6,
                    "vote_count": 11
                },
                "imdb": {
                    "id": null
                },
                "created": {
                    "time": "2025-02-27T08:23:48.000Z"
                },
                "modified": {
                    "time": "2025-09-22T08:49:18.000Z"
                },
                "_id": "bc06828a994e9e28952b11b1affb9ec9",
                "name": "Puniru Là Một Bé Slime Dễ Thương (Phần 1)",
                "slug": "puniru-la-mot-be-slime-de-thuong-phan-1",
                "origin_name": "Puniru Is A Cute Slime (Season 1)",
                "type": "hoathinh",
                "poster_url": "upload/vod/20250227-1/394aaa26a720b8c275bc58149e7ad450.jpg",
                "thumb_url": "upload/vod/20250227-1/567a3c5686378140e5027fdb47c4945b.jpg",
                "sub_docquyen": false,
                "chieurap": false,
                "time": "24 phút/tập",
                "episode_current": "Hoàn Tất (12/12)",
                "quality": "FHD",
                "lang": "Vietsub",
                "year": 2024,
                "category": [
                    {
                        "id": "ba6fd52e5a3aca80eaaf1a3b50a182db",
                        "name": "Hài Hước",
                        "slug": "hai-huoc"
                    },
                    {
                        "id": "0bcf4077916678de9b48c89221fcf8ae",
                        "name": "Khoa Học",
                        "slug": "khoa-hoc"
                    },
                    {
                        "id": "68564911f00849030f9c9c144ea1b931",
                        "name": "Viễn Tưởng",
                        "slug": "vien-tuong"
                    },
                    {
                        "id": "a7b065b92ad356387ef2e075dee66529",
                        "name": "Tâm Lý",
                        "slug": "tam-ly"
                    }
                ],
                "country": [
                    {
                        "id": "d4097fbffa8f7149a61281437171eb83",
                        "name": "Nhật Bản",
                        "slug": "nhat-ban"
                    }
                ]
            },
            {
                "tmdb": {
                    "type": "tv",
                    "id": "276288",
                    "season": 1,
                    "vote_average": 10,
                    "vote_count": 1
                },
                "imdb": {
                    "id": null
                },
                "created": {
                    "time": "2025-07-11T15:09:58.000Z"
                },
                "modified": {
                    "time": "2025-09-22T08:48:59.000Z"
                },
                "_id": "c8819aac10c0706b7466f78bd9854da0",
                "name": "Khách Sạn Inhumans",
                "slug": "khach-san-inhumans",
                "origin_name": "Hotel Inhumans",
                "type": "hoathinh",
                "poster_url": "upload/vod/20250711-1/6e2b103940b09203fab8a79e53565d33.jpg",
                "thumb_url": "upload/vod/20250711-1/111b2b7653d7ff5fa530f96d73fb84a0.jpg",
                "sub_docquyen": false,
                "chieurap": false,
                "time": "24 phút/tập",
                "episode_current": "Hoàn Tất (12/12)",
                "quality": "FHD",
                "lang": "Vietsub",
                "year": 2025,
                "category": [
                    {
                        "id": "37a7b38b6184a5ebd3c43015aa20709d",
                        "name": "Chính Kịch",
                        "slug": "chinh-kich"
                    },
                    {
                        "id": "9822be111d2ccc29c7172c78b8af8ff5",
                        "name": "Hành Động",
                        "slug": "hanh-dong"
                    },
                    {
                        "id": "66c78b23908113d478d8d85390a244b4",
                        "name": "Phiêu Lưu",
                        "slug": "phieu-luu"
                    },
                    {
                        "id": "a7b065b92ad356387ef2e075dee66529",
                        "name": "Tâm Lý",
                        "slug": "tam-ly"
                    }
                ],
                "country": [
                    {
                        "id": "d4097fbffa8f7149a61281437171eb83",
                        "name": "Nhật Bản",
                        "slug": "nhat-ban"
                    }
                ]
            },
            {
                "tmdb": {
                    "type": "tv",
                    "id": "271607",
                    "season": 1,
                    "vote_average": 9.333,
                    "vote_count": 15
                },
                "imdb": {
                    "id": null
                },
                "created": {
                    "time": "2025-07-15T13:31:27.000Z"
                },
                "modified": {
                    "time": "2025-09-22T08:45:58.000Z"
                },
                "_id": "5458ddfd38e3d8bd01d4db5519a004ec",
                "name": "Hoa Thơm Kiêu Hãnh",
                "slug": "hoa-thom-kieu-hanh",
                "origin_name": "The Fragrant Flower Blooms With Dignity",
                "type": "hoathinh",
                "poster_url": "upload/vod/20250715-1/0c646a8e697502885296168b1ef95a6a.jpg",
                "thumb_url": "upload/vod/20250715-1/e4331f5d3dd71c45cf0f703d85111ade.jpg",
                "sub_docquyen": false,
                "chieurap": false,
                "time": "24 phút/tập",
                "episode_current": "Tập 11",
                "quality": "FHD",
                "lang": "Vietsub",
                "year": 2025,
                "category": [
                    {
                        "id": "37a7b38b6184a5ebd3c43015aa20709d",
                        "name": "Chính Kịch",
                        "slug": "chinh-kich"
                    },
                    {
                        "id": "ba6fd52e5a3aca80eaaf1a3b50a182db",
                        "name": "Hài Hước",
                        "slug": "hai-huoc"
                    },
                    {
                        "id": "bb2b4b030608ca5984c8dd0770f5b40b",
                        "name": "Tình Cảm",
                        "slug": "tinh-cam"
                    },
                    {
                        "id": "a7b065b92ad356387ef2e075dee66529",
                        "name": "Tâm Lý",
                        "slug": "tam-ly"
                    }
                ],
                "country": [
                    {
                        "id": "d4097fbffa8f7149a61281437171eb83",
                        "name": "Nhật Bản",
                        "slug": "nhat-ban"
                    }
                ]
            },
            {
                "tmdb": {
                    "type": "tv",
                    "id": "279220",
                    "season": 1,
                    "vote_average": 10,
                    "vote_count": 2
                },
                "imdb": {
                    "id": null
                },
                "created": {
                    "time": "2025-08-10T18:06:06.000Z"
                },
                "modified": {
                    "time": "2025-09-22T08:45:24.000Z"
                },
                "_id": "9a8d909d7652448b2dc301613a123aab",
                "name": "Giao Lưu Văn Hóa Với Cô Gái Ở Trung Tâm Trò Chơi",
                "slug": "giao-luu-van-hoa-voi-co-gai-o-trung-tam-tro-choi",
                "origin_name": "Cultural Exchange With A Game Centre Girl",
                "type": "hoathinh",
                "poster_url": "upload/vod/20250810-1/3a8aadac5baf9f230cdd992d9add3739.jpg",
                "thumb_url": "upload/vod/20250810-1/9a774ed76865d41f85c9ea72043bdcbd.jpg",
                "sub_docquyen": false,
                "chieurap": false,
                "time": "24 phút/tập",
                "episode_current": "Tập 10",
                "quality": "FHD",
                "lang": "Vietsub",
                "year": 2025,
                "category": [
                    {
                        "id": "ba6fd52e5a3aca80eaaf1a3b50a182db",
                        "name": "Hài Hước",
                        "slug": "hai-huoc"
                    },
                    {
                        "id": "37a7b38b6184a5ebd3c43015aa20709d",
                        "name": "Chính Kịch",
                        "slug": "chinh-kich"
                    },
                    {
                        "id": "ba6fd52e5a3aca80eaaf1a3b50a182db",
                        "name": "Hài Hước",
                        "slug": "hai-huoc"
                    }
                ],
                "country": [
                    {
                        "id": "d4097fbffa8f7149a61281437171eb83",
                        "name": "Nhật Bản",
                        "slug": "nhat-ban"
                    }
                ]
            },
            {
                "tmdb": {
                    "type": "tv",
                    "id": "256721",
                    "season": 1,
                    "vote_average": 10,
                    "vote_count": 1
                },
                "imdb": {
                    "id": null
                },
                "created": {
                    "time": "2025-07-07T16:15:31.000Z"
                },
                "modified": {
                    "time": "2025-09-22T08:44:46.000Z"
                },
                "_id": "a98ae7bf0adf36d9125faec0c2ba6ef9",
                "name": "Gachiakuta",
                "slug": "gachiakuta",
                "origin_name": "Gachiakuta",
                "type": "hoathinh",
                "poster_url": "upload/vod/20250707-1/0bd08744cae0baf83bb99ba9eb07decc.jpg",
                "thumb_url": "upload/vod/20250707-1/8844c6722ca85a76e726dad012fc567e.jpg",
                "sub_docquyen": false,
                "chieurap": false,
                "time": "24 phút/tập",
                "episode_current": "Tập 11",
                "quality": "FHD",
                "lang": "Vietsub",
                "year": 2025,
                "category": [
                    {
                        "id": "9822be111d2ccc29c7172c78b8af8ff5",
                        "name": "Hành Động",
                        "slug": "hanh-dong"
                    },
                    {
                        "id": "66c78b23908113d478d8d85390a244b4",
                        "name": "Phiêu Lưu",
                        "slug": "phieu-luu"
                    },
                    {
                        "id": "0bcf4077916678de9b48c89221fcf8ae",
                        "name": "Khoa Học",
                        "slug": "khoa-hoc"
                    },
                    {
                        "id": "68564911f00849030f9c9c144ea1b931",
                        "name": "Viễn Tưởng",
                        "slug": "vien-tuong"
                    },
                    {
                        "id": "37a7b38b6184a5ebd3c43015aa20709d",
                        "name": "Chính Kịch",
                        "slug": "chinh-kich"
                    }
                ],
                "country": [
                    {
                        "id": "d4097fbffa8f7149a61281437171eb83",
                        "name": "Nhật Bản",
                        "slug": "nhat-ban"
                    },
                    {
                        "id": "05de95be5fc404da9680bbb3dd8262e6",
                        "name": "Hàn Quốc",
                        "slug": "han-quoc"
                    }
                ]
            },
            {
                "tmdb": {
                    "type": "tv",
                    "id": "262254",
                    "season": 1,
                    "vote_average": 0,
                    "vote_count": 0
                },
                "imdb": {
                    "id": null
                },
                "created": {
                    "time": "2025-07-14T16:41:26.000Z"
                },
                "modified": {
                    "time": "2025-09-22T08:44:17.000Z"
                },
                "_id": "bafe5a19bbef4152f217efc037c1be59",
                "name": "Em Đến Cùng Mưa (Ame to Kimi to)",
                "slug": "em-den-cung-mua-ame-to-kimi-to",
                "origin_name": "With You And The Rain",
                "type": "hoathinh",
                "poster_url": "upload/vod/20250714-1/82a6ca63a42fdda490292f1284b5af12.jpg",
                "thumb_url": "upload/vod/20250714-1/391f4c3213686e2afa70b21beba19bfe.jpg",
                "sub_docquyen": false,
                "chieurap": false,
                "time": "22 phút/tập",
                "episode_current": "Hoàn Tất (12/12)",
                "quality": "FHD",
                "lang": "Vietsub",
                "year": 2025,
                "category": [
                    {
                        "id": "ba6fd52e5a3aca80eaaf1a3b50a182db",
                        "name": "Hài Hước",
                        "slug": "hai-huoc"
                    },
                    {
                        "id": "0bcf4077916678de9b48c89221fcf8ae",
                        "name": "Khoa Học",
                        "slug": "khoa-hoc"
                    },
                    {
                        "id": "68564911f00849030f9c9c144ea1b931",
                        "name": "Viễn Tưởng",
                        "slug": "vien-tuong"
                    },
                    {
                        "id": "a7b065b92ad356387ef2e075dee66529",
                        "name": "Tâm Lý",
                        "slug": "tam-ly"
                    }
                ],
                "country": [
                    {
                        "id": "d4097fbffa8f7149a61281437171eb83",
                        "name": "Nhật Bản",
                        "slug": "nhat-ban"
                    }
                ]
            },
            {
                "tmdb": {
                    "type": "tv",
                    "id": "247045",
                    "season": 1,
                    "vote_average": 0,
                    "vote_count": 0
                },
                "imdb": {
                    "id": null
                },
                "created": {
                    "time": "2025-07-08T09:57:47.000Z"
                },
                "modified": {
                    "time": "2025-09-22T08:43:43.000Z"
                },
                "_id": "b06e70e3e05ed28dc028593664e416e2",
                "name": "Đi Đêm Lắm Có Ngày Gặp Mèo",
                "slug": "di-dem-lam-co-ngay-gap-meo",
                "origin_name": "Nyaight Of The Living Cat",
                "type": "hoathinh",
                "poster_url": "upload/vod/20250708-1/b9a350aaaa58b10dcf164c57d66660ad.jpg",
                "thumb_url": "upload/vod/20250708-1/0e062518b4ebb5d7c96425e9ebc5ed7d.jpg",
                "sub_docquyen": false,
                "chieurap": false,
                "time": "25 phút/tập",
                "episode_current": "Hoàn Tất (12/12)",
                "quality": "FHD",
                "lang": "Vietsub",
                "year": 2025,
                "category": [
                    {
                        "id": "9822be111d2ccc29c7172c78b8af8ff5",
                        "name": "Hành Động",
                        "slug": "hanh-dong"
                    },
                    {
                        "id": "66c78b23908113d478d8d85390a244b4",
                        "name": "Phiêu Lưu",
                        "slug": "phieu-luu"
                    },
                    {
                        "id": "0bcf4077916678de9b48c89221fcf8ae",
                        "name": "Khoa Học",
                        "slug": "khoa-hoc"
                    },
                    {
                        "id": "68564911f00849030f9c9c144ea1b931",
                        "name": "Viễn Tưởng",
                        "slug": "vien-tuong"
                    },
                    {
                        "id": "ba6fd52e5a3aca80eaaf1a3b50a182db",
                        "name": "Hài Hước",
                        "slug": "hai-huoc"
                    }
                ],
                "country": [
                    {
                        "id": "d4097fbffa8f7149a61281437171eb83",
                        "name": "Nhật Bản",
                        "slug": "nhat-ban"
                    }
                ]
            },
            {
                "tmdb": {
                    "type": "tv",
                    "id": "286434",
                    "season": 1,
                    "vote_average": 10,
                    "vote_count": 1
                },
                "imdb": {
                    "id": null
                },
                "created": {
                    "time": "2025-07-11T15:06:06.000Z"
                },
                "modified": {
                    "time": "2025-09-22T08:43:11.000Z"
                },
                "_id": "3b716043fd8fff8812df0a90a592958c",
                "name": "Chiến Binh Xấu Xí (Dũng Sĩ Otaku Béo)",
                "slug": "chien-binh-xau-xi-dung-si-otaku-beo",
                "origin_name": "Uglymug, Epicfighter",
                "type": "hoathinh",
                "poster_url": "upload/vod/20250711-1/2983de8cafb87d02ea4ce760301dc176.jpg",
                "thumb_url": "upload/vod/20250711-1/1e7467e1b906267ca5fc38cead7be8e4.jpg",
                "sub_docquyen": false,
                "chieurap": false,
                "time": "24 phút/tập",
                "episode_current": "Hoàn Tất (12/12)",
                "quality": "FHD",
                "lang": "Vietsub",
                "year": 2025,
                "category": [
                    {
                        "id": "ba6fd52e5a3aca80eaaf1a3b50a182db",
                        "name": "Hài Hước",
                        "slug": "hai-huoc"
                    },
                    {
                        "id": "9822be111d2ccc29c7172c78b8af8ff5",
                        "name": "Hành Động",
                        "slug": "hanh-dong"
                    },
                    {
                        "id": "66c78b23908113d478d8d85390a244b4",
                        "name": "Phiêu Lưu",
                        "slug": "phieu-luu"
                    },
                    {
                        "id": "0bcf4077916678de9b48c89221fcf8ae",
                        "name": "Khoa Học",
                        "slug": "khoa-hoc"
                    },
                    {
                        "id": "68564911f00849030f9c9c144ea1b931",
                        "name": "Viễn Tưởng",
                        "slug": "vien-tuong"
                    }
                ],
                "country": [
                    {
                        "id": "d4097fbffa8f7149a61281437171eb83",
                        "name": "Nhật Bản",
                        "slug": "nhat-ban"
                    }
                ]
            },
            {
                "tmdb": {
                    "type": "tv",
                    "id": "280038",
                    "season": 1,
                    "vote_average": 10,
                    "vote_count": 1
                },
                "imdb": {
                    "id": null
                },
                "created": {
                    "time": "2025-07-14T14:23:03.000Z"
                },
                "modified": {
                    "time": "2025-09-22T08:42:41.000Z"
                },
                "_id": "e42166c93fb3bbb2644d14e7a64ef89c",
                "name": "Khải Huyền Dị Giới Mynoghra: Chinh Phục Thế Giới Từ Nền Văn Minh Suy Tàn",
                "slug": "khai-huyen-di-gioi-mynoghra-chinh-phuc-the-gioi-tu-nen-van-minh-suy-tan",
                "origin_name": "Apocalypse Bringer Mynoghra: World Conquest Starts with the Civilization of Ruin",
                "type": "hoathinh",
                "poster_url": "upload/vod/20250714-1/6cf3d03b7c9db021ff2d5f9d238bdff5.jpg",
                "thumb_url": "upload/vod/20250714-1/33d8913b363b40d5005f5fbf551e6bd9.jpg",
                "sub_docquyen": false,
                "chieurap": false,
                "time": "22 phút/tập",
                "episode_current": "Hoàn Tất (12/12)",
                "quality": "FHD",
                "lang": "Vietsub",
                "year": 2025,
                "category": [
                    {
                        "id": "9822be111d2ccc29c7172c78b8af8ff5",
                        "name": "Hành Động",
                        "slug": "hanh-dong"
                    },
                    {
                        "id": "66c78b23908113d478d8d85390a244b4",
                        "name": "Phiêu Lưu",
                        "slug": "phieu-luu"
                    },
                    {
                        "id": "0bcf4077916678de9b48c89221fcf8ae",
                        "name": "Khoa Học",
                        "slug": "khoa-hoc"
                    },
                    {
                        "id": "68564911f00849030f9c9c144ea1b931",
                        "name": "Viễn Tưởng",
                        "slug": "vien-tuong"
                    },
                    {
                        "id": "37a7b38b6184a5ebd3c43015aa20709d",
                        "name": "Chính Kịch",
                        "slug": "chinh-kich"
                    }
                ],
                "country": [
                    {
                        "id": "d4097fbffa8f7149a61281437171eb83",
                        "name": "Nhật Bản",
                        "slug": "nhat-ban"
                    }
                ]
            },
            {
                "tmdb": {
                    "type": "tv",
                    "id": "272118",
                    "season": 1,
                    "vote_average": 9.3,
                    "vote_count": 6
                },
                "imdb": {
                    "id": null
                },
                "created": {
                    "time": "2025-09-09T15:16:37.000Z"
                },
                "modified": {
                    "time": "2025-09-22T08:35:07.000Z"
                },
                "_id": "719653e675f24537d4cb647537a2a04f",
                "name": "CITY THE ANIMATION",
                "slug": "city-the-animation",
                "origin_name": "CITY THE ANIMATION",
                "type": "hoathinh",
                "poster_url": "upload/vod/20250909-1/2d6e985a75e99173ec9c6643fedfd3e2.jpg",
                "thumb_url": "upload/vod/20250909-1/48f9c66ef8f910107edfae1f6840628c.jpg",
                "sub_docquyen": false,
                "chieurap": false,
                "time": "28 phút/tập",
                "episode_current": "Tập 11",
                "quality": "FHD",
                "lang": "Vietsub",
                "year": 2025,
                "category": [
                    {
                        "id": "ba6fd52e5a3aca80eaaf1a3b50a182db",
                        "name": "Hài Hước",
                        "slug": "hai-huoc"
                    },
                    {
                        "id": "37a7b38b6184a5ebd3c43015aa20709d",
                        "name": "Chính Kịch",
                        "slug": "chinh-kich"
                    },
                    {
                        "id": "a7b065b92ad356387ef2e075dee66529",
                        "name": "Tâm Lý",
                        "slug": "tam-ly"
                    }
                ],
                "country": [
                    {
                        "id": "d4097fbffa8f7149a61281437171eb83",
                        "name": "Nhật Bản",
                        "slug": "nhat-ban"
                    }
                ]
            },
            {
                "tmdb": {
                    "type": "tv",
                    "id": "275648",
                    "season": 1,
                    "vote_average": 6.667,
                    "vote_count": 3
                },
                "imdb": {
                    "id": null
                },
                "created": {
                    "time": "2025-04-21T03:54:38.000Z"
                },
                "modified": {
                    "time": "2025-09-22T08:34:30.000Z"
                },
                "_id": "ed34d801ecf10f1a8178debdf0f365e0",
                "name": "Chiến Đội Số 1 Gozyuger",
                "slug": "chien-doi-so-1-gozyuger",
                "origin_name": "No. 1 Sentai Gozyuger",
                "type": "hoathinh",
                "poster_url": "upload/vod/20250421-1/3d1b5e01610fae34b996e94303a639ef.jpg",
                "thumb_url": "upload/vod/20250421-1/c50f5101ad97d8d51b4581f58b6f7f8f.jpg",
                "sub_docquyen": false,
                "chieurap": false,
                "time": "25 phút/tập",
                "episode_current": "Tập 31",
                "quality": "FHD",
                "lang": "Vietsub",
                "year": 2025,
                "category": [
                    {
                        "id": "0bcf4077916678de9b48c89221fcf8ae",
                        "name": "Khoa Học",
                        "slug": "khoa-hoc"
                    },
                    {
                        "id": "68564911f00849030f9c9c144ea1b931",
                        "name": "Viễn Tưởng",
                        "slug": "vien-tuong"
                    },
                    {
                        "id": "9822be111d2ccc29c7172c78b8af8ff5",
                        "name": "Hành Động",
                        "slug": "hanh-dong"
                    },
                    {
                        "id": "66c78b23908113d478d8d85390a244b4",
                        "name": "Phiêu Lưu",
                        "slug": "phieu-luu"
                    },
                    {
                        "id": "37a7b38b6184a5ebd3c43015aa20709d",
                        "name": "Chính Kịch",
                        "slug": "chinh-kich"
                    },
                    {
                        "id": "0c853f6238e0997ee318b646bb1978bc",
                        "name": "Trẻ Em",
                        "slug": "tre-em"
                    }
                ],
                "country": [
                    {
                        "id": "d4097fbffa8f7149a61281437171eb83",
                        "name": "Nhật Bản",
                        "slug": "nhat-ban"
                    }
                ]
            }
        ],
        "params": {
            "type_slug": "danh-sach",
            "filterCategory": [
                ""
            ],
            "filterCountry": [
                ""
            ],
            "filterYear": [
                ""
            ],
            "filterType": [
                ""
            ],
            "sortField": "modified.time",
            "sortType": "desc",
            "pagination": {
                "totalItems": 2800,
                "totalItemsPerPage": 20,
                "currentPage": 1,
                "totalPages": 140
            }
        },
        "type_list": "hoat-hinh",
        "APP_DOMAIN_FRONTEND": "https://phimapi.com",
        "APP_DOMAIN_CDN_IMAGE": "https://phimimg.com"
    }
}