{
    "status": true,
    "msg": "done",
    "movie": {
      "tmdb": {
        "type": "tv",
        "id": "96316",
        "season": 1,
        "vote_average": 8.369,
        "vote_count": 922
      },
      "imdb": {
        "id": null
      },
      "created": {
        "time": "2025-09-21T06:22:22.000Z"
      },
      "modified": {
        "time": "2025-09-21T06:22:22.000Z"
      },
      "_id": "826db7e382b0391c9f3e987fdf33a5f9",
      "name": "Bạn Gái Thuê (Phần 4)",
      "slug": "ban-gai-thue-phan-4",
      "origin_name": "Rent-A-Girlfriend (Season 4)",
      "content": "Sau khi bị bạn gái bỏ rơi, cậu sinh viên đại học Kinoshita Kazuya cố gắng vá lại trái tim tan vỡ của mình bằng một người bạn gái thuê từ ứng dụng di động. Lúc đầu, Mizuhara Chzuru có vẻ như là một người bạn gái hoàn hảo với tất cả phẩm chất mà bất cứ chàng trai nào cũng phải mong đợi: xinh đẹp, dễ thương và chu đáo.\r\n\r\nVới những cảm xúc lẫn lộn sau buổi hẹn hò đầu tiên, Kazuya nghĩ Chizuru chỉ đang trêu đùa với trái tim của mình nên đã đánh giá cô 1 sao trên ứng dụng di động. Điều này khiến Chizuru tức giận và bộc lộ bản chất thật của mình trong buổi hẹn hò thứ 2: một Chizuru đanh đá, nóng nảy, trái ngược hoàn toàn với ấn tượng ban đầu. Ngay lúc đó, bà của Kazuya bị ngất xíu nên cậu phải kéo cả Chizuru vào bẹnh viện.\r\n\r\nMặc dù tình hình của bà Kazuya không có gì nghiêm trọng, nhưng bà lại ngây ngất Chizuru và cực kỳ cảm động vì cuối cùng đứa cháu trai của mình đã có bạn gái. Không thể nói ra sự thật, Kazuya và Chizuru phải tiếp tục mối quan hệ bạn gái thuê này.",
      "type": "hoathinh",
      "status": "ongoing",
      "poster_url": "https://phimimg.com/upload/vod/20250921-1/af40177d9f21468eaed393f74aa59012.jpg",
      "thumb_url": "https://phimimg.com/upload/vod/20250921-1/3aaea5508de705817c0c1afd18a7e9c1.jpg",
      "is_copyright": false,
      "sub_docquyen": false,
      "chieurap": false,
      "trailer_url": "https://www.youtube.com/watch?v=SuPPEO3M8Jc",
      "time": "25 phút/tập",
      "episode_current": "Tập 10",
      "episode_total": "138",
      "quality": "FHD",
      "lang": "Vietsub",
      "notify": "",
      "showtimes": "",
      "year": 2025,
      "view": 0,
      "actor": [
        "Shun Horie",
        "Sora Amamiya",
        "Aoi Yuuki",
        "Nao Toyama",
        "Rie Takahashi",
        "Yu Serizawa",
        "Yukari Nozawa",
        "Sayuri Sadaoka",
        "Masayuki Akasaka",
        "Gakuto Kajiwara"
      ],
      "director": [
        "Đang cập nhật"
      ],
      "category": [
        {
          "id": "ba6fd52e5a3aca80eaaf1a3b50a182db",
          "name": "Hài Hước",
          "slug": "hai-huoc"
        },
        {
          "id": "37a7b38b6184a5ebd3c43015aa20709d",
          "name": "Chính Kịch",
          "slug": "chinh-kich"
        },
        {
          "id": "bb2b4b030608ca5984c8dd0770f5b40b",
          "name": "Tình Cảm",
          "slug": "tinh-cam"
        },
        {
          "id": "a7b065b92ad356387ef2e075dee66529",
          "name": "Tâm Lý",
          "slug": "tam-ly"
        }
      ],
      "country": [
        {
          "id": "d4097fbffa8f7149a61281437171eb83",
          "name": "Nhật Bản",
          "slug": "nhat-ban"
        }
      ]
    },
    "episodes": [
      {
        "server_name": "#Hà Nội (Vietsub)",
        "server_data": [
          {
            "name": "Tập 01",
            "slug": "tap-01",
            "filename": "Bạn Gái Thuê (Phần 4) - Rent-A-Girlfriend (Season 4) - 2025 - 1080p - Vietsub - Tập 01",
            "link_embed": "https://player.phimapi.com/player/?url=https://s6.kkphimplayer6.com/20250920/AaIxABuT/index.m3u8",
            "link_m3u8": "https://s6.kkphimplayer6.com/20250920/AaIxABuT/index.m3u8"
          },
          {
            "name": "Tập 02",
            "slug": "tap-02",
            "filename": "Bạn Gái Thuê (Phần 4) - Rent-A-Girlfriend (Season 4) - 2025 - 1080p - Vietsub - Tập 02",
            "link_embed": "https://player.phimapi.com/player/?url=https://s6.kkphimplayer6.com/20250920/lgeArU3p/index.m3u8",
            "link_m3u8": "https://s6.kkphimplayer6.com/20250920/lgeArU3p/index.m3u8"
          },
          {
            "name": "Tập 03",
            "slug": "tap-03",
            "filename": "Bạn Gái Thuê (Phần 4) - Rent-A-Girlfriend (Season 4) - 2025 - 1080p - Vietsub - Tập 03",
            "link_embed": "https://player.phimapi.com/player/?url=https://s6.kkphimplayer6.com/20250920/uSjjufoj/index.m3u8",
            "link_m3u8": "https://s6.kkphimplayer6.com/20250920/uSjjufoj/index.m3u8"
          },
          {
            "name": "Tập 04",
            "slug": "tap-04",
            "filename": "Bạn Gái Thuê (Phần 4) - Rent-A-Girlfriend (Season 4) - 2025 - 1080p - Vietsub - Tập 04",
            "link_embed": "https://player.phimapi.com/player/?url=https://s6.kkphimplayer6.com/20250920/S8i1oDRP/index.m3u8",
            "link_m3u8": "https://s6.kkphimplayer6.com/20250920/S8i1oDRP/index.m3u8"
          },
          {
            "name": "Tập 05",
            "slug": "tap-05",
            "filename": "Bạn Gái Thuê (Phần 4) - Rent-A-Girlfriend (Season 4) - 2025 - 1080p - Vietsub - Tập 05",
            "link_embed": "https://player.phimapi.com/player/?url=https://s6.kkphimplayer6.com/20250920/Al1mlxlO/index.m3u8",
            "link_m3u8": "https://s6.kkphimplayer6.com/20250920/Al1mlxlO/index.m3u8"
          },
          {
            "name": "Tập 06",
            "slug": "tap-06",
            "filename": "Bạn Gái Thuê (Phần 4) - Rent-A-Girlfriend (Season 4) - 2025 - 1080p - Vietsub - Tập 06",
            "link_embed": "https://player.phimapi.com/player/?url=https://s6.kkphimplayer6.com/20250920/KAhQ8Rdt/index.m3u8",
            "link_m3u8": "https://s6.kkphimplayer6.com/20250920/KAhQ8Rdt/index.m3u8"
          },
          {
            "name": "Tập 07",
            "slug": "tap-07",
            "filename": "Bạn Gái Thuê (Phần 4) - Rent-A-Girlfriend (Season 4) - 2025 - 1080p - Vietsub - Tập 07",
            "link_embed": "https://player.phimapi.com/player/?url=https://s6.kkphimplayer6.com/20250920/Z6OyFo1p/index.m3u8",
            "link_m3u8": "https://s6.kkphimplayer6.com/20250920/Z6OyFo1p/index.m3u8"
          },
          {
            "name": "Tập 08",
            "slug": "tap-08",
            "filename": "Bạn Gái Thuê (Phần 4) - Rent-A-Girlfriend (Season 4) - 2025 - 1080p - Vietsub - Tập 08",
            "link_embed": "https://player.phimapi.com/player/?url=https://s6.kkphimplayer6.com/20250920/tvw19OrC/index.m3u8",
            "link_m3u8": "https://s6.kkphimplayer6.com/20250920/tvw19OrC/index.m3u8"
          },
          {
            "name": "Tập 09",
            "slug": "tap-09",
            "filename": "Bạn Gái Thuê (Phần 4) - Rent-A-Girlfriend (Season 4) - 2025 - 1080p - Vietsub - Tập 09",
            "link_embed": "https://player.phimapi.com/player/?url=https://s6.kkphimplayer6.com/20250920/dBz1Axky/index.m3u8",
            "link_m3u8": "https://s6.kkphimplayer6.com/20250920/dBz1Axky/index.m3u8"
          },
          {
            "name": "Tập 10",
            "slug": "tap-10",
            "filename": "Bạn Gái Thuê (Phần 4) - Rent-A-Girlfriend (Season 4) - 2025 - 1080p - Vietsub - Tập 10",
            "link_embed": "https://player.phimapi.com/player/?url=https://s6.kkphimplayer6.com/20250920/W9azHA8Y/index.m3u8",
            "link_m3u8": "https://s6.kkphimplayer6.com/20250920/W9azHA8Y/index.m3u8"
          }
        ]
      }
    ]
  }
  DDict Logo